<?xml version="1.0" encoding="UTF-8"?>
<OpenSimDocument Version="10600">
	<ScaleSet name="subj01-Static">
		<defaults>
			<Force name="default">
				<body_A>  </body_A>
				<point_A>       0.00000000       0.00000000       0.00000000 </point_A>
				<direction_A>       1.00000000       0.00000000       0.00000000 </direction_A>
				<body_B>  </body_B>
				<point_B>       0.00000000       0.00000000       0.00000000 </point_B>
				<optimal_force>    1000.00000000 </optimal_force>
			</Force>
			<GeneralizedForce name="default">
				<coordinate> Unassigned </coordinate>
				<optimal_force>     300.00000000 </optimal_force>
			</GeneralizedForce>
			<ControlLinear name="default">
				<is_model_control> true </is_model_control>
				<extrapolate> true </extrapolate>
				<default_min>       0.00000000 </default_min>
				<default_max>      10.00000000 </default_max>
				<filter_on> false </filter_on>
				<use_steps> false </use_steps>
				<x_nodes/>
				<min_nodes/>
				<max_nodes/>
				<kp>     100.00000000 </kp>
				<kv>      20.00000000 </kv>
			</ControlLinear>
			<Thelen2003Muscle name="default">
				<MusclePointSet name="">
					<objects/>
					<groups/>
				</MusclePointSet>
				<VisibleObject name="">
					<geometry_files> </geometry_files>
					<VisibleProperties name="">
						<display_preference> 4 </display_preference>
						<show_normals> false </show_normals>
						<show_axes> false </show_axes>
						<material_name> DEFAULT </material_name>
					</VisibleProperties>
					<scale_factors>       1.00000000       1.00000000       1.00000000 </scale_factors>
				</VisibleObject>
				<MuscleWrapSet name="">
					<objects/>
					<groups/>
				</MuscleWrapSet>
				<muscle_model> 9 </muscle_model>
				<!--maximum isometric force of the muscle fibers-->
				<max_isometric_force>     546.00000000 </max_isometric_force>
				<!--optimal length of the muscle fibers-->
				<optimal_fiber_length>       0.05350000 </optimal_fiber_length>
				<!--resting length of the tendon-->
				<tendon_slack_length>       0.07800000 </tendon_slack_length>
				<!--angle between tendon and fibers at optimal fiber length-->
				<pennation_angle>       0.00000000 </pennation_angle>
				<!--time constant for ramping up of muscle activation-->
				<activation_time_constant>       0.01000000 </activation_time_constant>
				<!--time constant for ramping down of muscle activation-->
				<deactivation_time_constant>       0.04000000 </deactivation_time_constant>
				<!--maximum contraction velocity at full activation in fiber lengths per
				    second-->
				<Vmax>      10.00000000 </Vmax>
				<!--maximum contraction velocity at low activation in fiber lengths per
				    second-->
				<Vmax0>       5.00000000 </Vmax0>
				<!--tendon strain due to maximum isometric muscle force-->
				<FmaxTendonStrain>       0.03300000 </FmaxTendonStrain>
				<!--passive muscle strain due to maximum isometric muscle force-->
				<FmaxMuscleStrain>       0.60000000 </FmaxMuscleStrain>
				<!--shape factor for Gaussian active muscle force-length relationship-->
				<KshapeActive>       0.50000000 </KshapeActive>
				<!--exponential shape factor for passive force-length relationship-->
				<KshapePassive>       4.00000000 </KshapePassive>
				<!--passive damping in the force-velocity relationship-->
				<damping>       0.05000000 </damping>
				<!--force-velocity shape factor-->
				<Af>       0.30000000 </Af>
				<!--maximum normalized lengthening force-->
				<Flen>       1.80000000 </Flen>
			</Thelen2003Muscle>
			<Schutte1993Muscle name="default">
				<MusclePointSet name="">
					<objects/>
					<groups/>
				</MusclePointSet>
				<VisibleObject name="">
					<geometry_files> </geometry_files>
					<VisibleProperties name="">
						<display_preference> 4 </display_preference>
						<show_normals> false </show_normals>
						<show_axes> false </show_axes>
						<material_name> DEFAULT </material_name>
					</VisibleProperties>
					<scale_factors>       1.00000000       1.00000000       1.00000000 </scale_factors>
				</VisibleObject>
				<MuscleWrapSet name="">
					<objects/>
					<groups/>
				</MuscleWrapSet>
				<muscle_model> 9 </muscle_model>
				<!--Scale factor for normalizing time-->
				<time_scale>       0.10000000 </time_scale>
				<!--Parameter used in time constant of ramping up of muscle force-->
				<activation1>       0.00000000 </activation1>
				<!--Parameter used in time constant of ramping up and ramping down of
				    muscle force-->
				<activation2>       0.00000000 </activation2>
				<!--Maximum isometric force that the fibers can generate-->
				<max_isometric_force>       0.00000000 </max_isometric_force>
				<!--Optimal length of the muscle fibers-->
				<optimal_fiber_length>       0.00000000 </optimal_fiber_length>
				<!--Resting length of the tendon-->
				<tendon_slack_length>       0.00000000 </tendon_slack_length>
				<!--Angle between tendon and fibers at optimal fiber length-->
				<pennation_angle>       0.00000000 </pennation_angle>
				<!--Maximum contraction velocity of the fibers, in optimal fiberlengths
				    per second-->
				<max_contraction_velocity>      10.00000000 </max_contraction_velocity>
				<!--Damping factor related to maximum contraction velocity-->
				<damping>       0.05000000 </damping>
				<!--Function representing force-length behavior of tendon-->
				<tendon_force_length_curve>
					<natCubicSpline name="">
						<min_x> -1000000000000000000000000000000.00000000 </min_x>
						<max_x> 1000000000000000000000000000000.00000000 </max_x>
						<min_y> -1000000000000000000000000000000.00000000 </min_y>
						<max_y> 1000000000000000000000000000000.00000000 </max_y>
						<min_z> -1000000000000000000000000000000.00000000 </min_z>
						<max_z> 1000000000000000000000000000000.00000000 </max_z>
						<x>     -10.00000000      -0.00200000      -0.00100000       0.00000000       0.00131000       0.00281000       0.00431000       0.00581000       0.00731000       0.00881000       0.01030000       0.01180000       0.01230000       9.20000000       9.20100000       9.20200000      20.00000000 </x>
						<y>       0.00000000       0.00000000       0.00000000       0.00000000       0.01080000       0.02570000       0.04350000       0.06520000       0.09150000       0.12300000       0.16100000       0.20800000       0.22700000     345.00000000     345.00000000     345.00000000     345.00000000 </y>
					</natCubicSpline>
				</tendon_force_length_curve>
				<!--Function representing active force-length behavior of muscle fibers-->
				<active_force_length_curve>
					<natCubicSpline name="">
						<min_x> -1000000000000000000000000000000.00000000 </min_x>
						<max_x> 1000000000000000000000000000000.00000000 </max_x>
						<min_y> -1000000000000000000000000000000.00000000 </min_y>
						<max_y> 1000000000000000000000000000000.00000000 </max_y>
						<min_z> -1000000000000000000000000000000.00000000 </min_z>
						<max_z> 1000000000000000000000000000000.00000000 </max_z>
						<x>      -5.30769200      -4.30769200      -1.92307700      -0.88461500      -0.26923100       0.23076900       0.46153800       0.52725000       0.62875000       0.71875000       0.86125000       1.04500000       1.21750000       1.43875000       1.50000000       1.61538500       2.00000000       2.96153800       3.69230800       5.46153800       9.90190200 </x>
						<y>       0.01218800       0.02189900       0.03646600       0.05249300       0.07531200       0.11415800       0.15785900       0.22666700       0.63666700       0.85666700       0.95000000       0.99333300       0.77000000       0.24666700       0.19382100       0.13325200       0.07268300       0.04441700       0.03634100       0.02189900       0.00733200 </y>
					</natCubicSpline>
				</active_force_length_curve>
				<!--Function representing passive force-length behavior of muscle fibers-->
				<passive_force_length_curve>
					<natCubicSpline name="">
						<min_x> -1000000000000000000000000000000.00000000 </min_x>
						<max_x> 1000000000000000000000000000000.00000000 </max_x>
						<min_y> -1000000000000000000000000000000.00000000 </min_y>
						<max_y> 1000000000000000000000000000000.00000000 </max_y>
						<min_z> -1000000000000000000000000000000.00000000 </min_z>
						<max_z> 1000000000000000000000000000000.00000000 </max_z>
						<x>      -5.00000000       0.99800000       0.99900000       1.00000000       1.10000000       1.20000000       1.30000000       1.40000000       1.50000000       1.60000000       1.60100000       1.60200000       5.00000000 </x>
						<y>       0.00000000       0.00000000       0.00000000       0.00000000       0.03500000       0.12000000       0.26000000       0.55000000       1.17000000       2.00000000       2.00000000       2.00000000       2.00000000 </y>
					</natCubicSpline>
				</passive_force_length_curve>
			</Schutte1993Muscle>
			<Torque name="default">
				<body_A>  </body_A>
				<direction_A>       1.00000000       0.00000000       0.00000000 </direction_A>
				<body_B>  </body_B>
				<optimal_force>       1.00000000 </optimal_force>
			</Torque>
			<rdCMC_Joint name="default">
				<!--Flag (true or false) indicating whether or not a task is on.-->
				<on> false </on>
				<!--Name of body frame with respect to which a tracking objective is
				    specified. The special name 'center_of_mass' refers to the system
				    center of mass. This property is not used for tracking joint angles.-->
				<wrt_body> -1 </wrt_body>
				<!--Name of body frame in which the tracking objectives are expressed.
				    This property is not used for tracking joint angles.-->
				<express_body> -1 </express_body>
				<!--Array of 3 flags (each true or false) specifying whether a component
				    of a task is active.  For example, tracking the trajectory of a point
				    in space could have three components (x,y,z).  This allows each of
				    those to be made active (true) or inactive (false).  A task for
				    tracking a joint coordinate only has one component.-->
				<active> false false false </active>
				<!--Weight with which a task is tracked relative to other tasks. To track
				    a task more tightly, make the weight larger.-->
				<weight>       1.00000000       1.00000000       1.00000000 </weight>
				<!--Position error feedback gain (stiffness). To achieve critical damping
				    of errors, choose kv = 2*sqrt(kp).-->
				<kp>       1.00000000       1.00000000       1.00000000 </kp>
				<!--Velocity error feedback gain (damping). To achieve critical damping of
				    errors, choose kv = 2*sqrt(kp).-->
				<kv>       1.00000000       1.00000000       1.00000000 </kv>
				<!--Feedforward acceleration gain.  This is normally set to 1.0, so no
				    gain.-->
				<ka>       1.00000000       1.00000000       1.00000000 </ka>
				<!--Direction vector[3] for component 0 of a task. Joint tasks do not use
				    this propery.-->
				<r0>       0.00000000       0.00000000       0.00000000 </r0>
				<!--Direction vector[3] for component 1 of a task. Joint tasks do not use
				    this property.-->
				<r1>       0.00000000       0.00000000       0.00000000 </r1>
				<!--Direction vector[3] for component 2 of a task. Joint tasks do not use
				    this property.-->
				<r2>       0.00000000       0.00000000       0.00000000 </r2>
				<!--Name of the coordinate to be tracked.-->
				<coordinate>  </coordinate>
				<!--Error limit on the tracking accuracy for this coordinate. If the
				    tracking errors approach this limit, the weighting for this coordinate
				    is increased.-->
				<limit>       0.00000000 </limit>
			</rdCMC_Joint>
		</defaults>
		<objects>
			<Scale name="">
				<scales>       1.00000000       1.00000000       1.00000000 </scales>
				<segment> ground </segment>
				<apply> true </apply>
			</Scale>
			<Scale name="">
				<scales>       1.00000000       1.00000000       1.00000000 </scales>
				<segment> pelvis </segment>
				<apply> true </apply>
			</Scale>
			<Scale name="">
				<scales>       1.00000000       1.00000000       1.00000000 </scales>
				<segment> femur_r </segment>
				<apply> true </apply>
			</Scale>
			<Scale name="">
				<scales>       1.00000000       1.00000000       1.00000000 </scales>
				<segment> tibia_r </segment>
				<apply> true </apply>
			</Scale>
			<Scale name="">
				<scales>       1.00000000       1.00000000       1.00000000 </scales>
				<segment> talus_r </segment>
				<apply> true </apply>
			</Scale>
			<Scale name="">
				<scales>       1.00000000       1.00000000       1.00000000 </scales>
				<segment> calcn_r </segment>
				<apply> true </apply>
			</Scale>
			<Scale name="">
				<scales>       1.00000000       1.00000000       1.00000000 </scales>
				<segment> toes_r </segment>
				<apply> true </apply>
			</Scale>
			<Scale name="">
				<scales>       1.00000000       1.00000000       1.00000000 </scales>
				<segment> femur_l </segment>
				<apply> true </apply>
			</Scale>
			<Scale name="">
				<scales>       1.00000000       1.00000000       1.00000000 </scales>
				<segment> tibia_l </segment>
				<apply> true </apply>
			</Scale>
			<Scale name="">
				<scales>       1.00000000       1.00000000       1.00000000 </scales>
				<segment> talus_l </segment>
				<apply> true </apply>
			</Scale>
			<Scale name="">
				<scales>       1.00000000       1.00000000       1.00000000 </scales>
				<segment> calcn_l </segment>
				<apply> true </apply>
			</Scale>
			<Scale name="">
				<scales>       1.00000000       1.00000000       1.00000000 </scales>
				<segment> toes_l </segment>
				<apply> true </apply>
			</Scale>
			<Scale name="">
				<scales>       1.00000000       1.00000000       1.00000000 </scales>
				<segment> torso </segment>
				<apply> true </apply>
			</Scale>
		</objects>
		<groups/>
	</ScaleSet>
</OpenSimDocument>

