<?xml version="1.0" encoding="UTF-8"?>
<!--Body segments are scaled by calculating the average distance between
specified marker pairs.  The ratio between the averaged distance to the
distance in the generic model is then used to scale each specified segment
in the specified axis directions (e.g., X Y Z).-->
<MeasurementSet name="subj01_Scale">
	<objects>
		<Measurement name="torso">
			<!--Flag to turn on and off scaling for this measurement.-->
			<apply> true </apply>
			<!--Set of marker pairs used to determine the scale factors.-->
			<MarkerPairSet name="">
				<objects>
					<MarkerPair name="">
						<!--Names of two markers, the distance between which is used to compute a
						    body scale factor.-->
						<markers> R.Shoulder L.Shoulder  </markers>
					</MarkerPair>
					<MarkerPair name="">
						<!--Names of two markers, the distance between which is used to compute a
						    body scale factor.-->
						<markers> L.Shoulder Offset </markers>
					</MarkerPair>

				</objects>
			</MarkerPairSet>
			<!--Set of bodies to be scaled by this measurement.-->
			<BodyScaleSet name="">
				<objects>
					<BodyScale name="torso">
						<!--Axes (X Y Z) along which to scale a body. For example, 'X Y Z' scales
						    along all three axes, and 'Y' scales just along the Y axis.-->
						<axes> X Y Z </axes>
					</BodyScale>
				</objects>
			</BodyScaleSet>
		</Measurement>
		
		<Measurement name="pelvis">
			<!--Flag to turn on and off scaling for this measurement.-->
			<apply> true </apply>
			<!--Set of marker pairs used to determine the scale factors.-->
			<MarkerPairSet>
				<objects>
					<MarkerPair>
						<markers> R.Lat.Pelvis V.Sacral </markers>
					</MarkerPair>
					<MarkerPair>
						<markers> V.Sacral L.Lat.Pelvis </markers>
					</MarkerPair>
					<MarkerPair>
						<markers> L.ASIS R.ASIS </markers>
					</MarkerPair>

				</objects>
			</MarkerPairSet>
			<!--Set of bodies to be scaled by this measurement.-->
			<BodyScaleSet>
				<objects>
					<BodyScale name="pelvis">
						<axes> X Y Z </axes>
					</BodyScale>
				</objects>
			</BodyScaleSet>
		</Measurement>
		
		<Measurement name="thigh">
			<!--Flag to turn on and off scaling for this measurement.-->
			<apply> true </apply>
			<!--Set of marker pairs used to determine the scale factors.-->
			<MarkerPairSet>
				<objects>
					<MarkerPair>
						<markers> R.ASIS R.Thigh</markers>
					</MarkerPair>
					<MarkerPair>
						<markers>L.ASIS L.Thigh</markers>
					</MarkerPair>
				</objects>
			</MarkerPairSet>
			<!--Set of bodies to be scaled by this measurement.-->
			<BodyScaleSet>
				<objects>
					<BodyScale name="femur_r">
						<axes> X Y Z </axes>
					</BodyScale>
					<BodyScale name="femur_l">
						<axes> X Y Z </axes>
					</BodyScale>
					<BodyScale name="patella_r">
						<axes> X Y Z </axes>
					</BodyScale>
					<BodyScale name="patella_l">
						<axes> X Y Z </axes>
					</BodyScale>
				</objects>
			</BodyScaleSet>
		</Measurement>
		
		<Measurement name="shank">
			<!--Flag to turn on and off scaling for this measurement.-->
			<apply> true </apply>
			<!--Set of marker pairs used to determine the scale factors.-->
			<MarkerPairSet>
				<objects>
					<MarkerPair>
						<markers> R.Shank R.Ankle </markers>
					</MarkerPair>
					<MarkerPair>
						<markers>L.Shank L.Ankle </markers>
					</MarkerPair>
				</objects>
			</MarkerPairSet>
			<!--Set of bodies to be scaled by this measurement.-->
			<BodyScaleSet>
				<objects>
					<BodyScale name="tibia_r">
						<axes> X Y Z </axes>
					</BodyScale>
					<BodyScale name="tibia_l">
						<axes> X Y Z </axes>
					</BodyScale>
					<BodyScale name="talus_r">
						<axes> X Y Z </axes>
					</BodyScale>
					<BodyScale name="talus_l">
						<axes> X Y Z </axes>
					</BodyScale>
				</objects>
			</BodyScaleSet>
		</Measurement>
		
		<Measurement name="foot">
			<!--Flag to turn on and off scaling for this measurement.-->
			<apply> true </apply>
			<!--Set of marker pairs used to determine the scale factors.-->
			<MarkerPairSet>
				<objects>
					<MarkerPair>
						<markers> R.Heel R.Toe </markers>
					</MarkerPair>
					<MarkerPair>
						<markers>L.Heel L.Toe</markers>
					</MarkerPair>
				</objects>
			</MarkerPairSet>
			<!--Set of bodies to be scaled by this measurement.-->
			<BodyScaleSet>
				<objects>
					<BodyScale name="calcn_r">
						<axes> X Y Z </axes>
					</BodyScale>
					<BodyScale name="calcn_l">
						<axes> X Y Z </axes>
					</BodyScale>
					<BodyScale name="toes_r">
						<axes> X Y Z </axes>
					</BodyScale>
					<BodyScale name="toes_l">
						<axes> X Y Z </axes>
					</BodyScale>
				</objects>
			</BodyScaleSet>
		</Measurement>
	</objects>
</MeasurementSet>
