<?xml version="1.0" encoding="UTF-8"?>
<IKTaskSet name="subj01_Scale_IK">
	<objects>
		<IKMarkerTask name="R.Shoulder">
			<!--Whether or not this task will be used during inverse kinematics solve.-->
			<apply> true </apply>
			<!--Weight given to a marker or coordinate for solving inverse kinematics
			    problems.-->
			<weight>       0.50000000 </weight>
		</IKMarkerTask>
		<IKMarkerTask name="L.Shoulder">
			<!--Whether or not this task will be used during inverse kinematics solve.-->
			<apply> true </apply>
			<!--Weight given to a marker or coordinate for solving inverse kinematics
			    problems.-->
			<weight>       0.50000000 </weight>
		</IKMarkerTask>
		<IKMarkerTask name="Offset">
			<!--Whether or not this task will be used during inverse kinematics solve.-->
			<apply> true </apply>
			<!--Weight given to a marker or coordinate for solving inverse kinematics
			    problems.-->
			<weight>       0.10000000 </weight>
		</IKMarkerTask>
		<IKMarkerTask name="R.ASIS">
			<!--Whether or not this task will be used during inverse kinematics solve.-->
			<apply> true </apply>
			<!--Weight given to a marker or coordinate for solving inverse kinematics
			    problems.-->
			<weight>      10.00000000 </weight>
		</IKMarkerTask>
		<IKMarkerTask name="L.ASIS">
			<!--Whether or not this task will be used during inverse kinematics solve.-->
			<apply> true </apply>
			<!--Weight given to a marker or coordinate for solving inverse kinematics
			    problems.-->
			<weight>      10.00000000 </weight>
		</IKMarkerTask>
		<IKMarkerTask name="R.Lat.Pelvis">
			<!--Whether or not this task will be used during inverse kinematics solve.-->
			<apply> true </apply>
			<!--Weight given to a marker or coordinate for solving inverse kinematics
			    problems.-->
			<weight>      1.00000000 </weight>
		</IKMarkerTask>
		<IKMarkerTask name="L.Lat.Pelvis">
			<!--Whether or not this task will be used during inverse kinematics solve.-->
			<apply> true </apply>
			<!--Weight given to a marker or coordinate for solving inverse kinematics
			    problems.-->
			<weight>      1.00000000 </weight>
		</IKMarkerTask>
		<IKMarkerTask name="V.Sacral">
			<!--Whether or not this task will be used during inverse kinematics solve.-->
			<apply> true </apply>
			<!--Weight given to a marker or coordinate for solving inverse kinematics
			    problems.-->
			<weight>      10.00000000 </weight>
		</IKMarkerTask>
		<IKMarkerTask name="R.Thigh">
			<!--Whether or not this task will be used during inverse kinematics solve.-->
			<apply> true </apply>
			<!--Weight given to a marker or coordinate for solving inverse kinematics
			    problems.-->
			<weight>       1.00000000 </weight>
		</IKMarkerTask>
		<IKMarkerTask name="R.Knee">
			<!--Whether or not this task will be used during inverse kinematics solve.-->
			<apply> true </apply>
			<!--Weight given to a marker or coordinate for solving inverse kinematics
			    problems.-->
			<weight>       1.00000000 </weight>
		</IKMarkerTask>
		<IKMarkerTask name="R.Shank">
			<!--Whether or not this task will be used during inverse kinematics solve.-->
			<apply> true </apply>
			<!--Weight given to a marker or coordinate for solving inverse kinematics
			    problems.-->
			<weight>       1.00000000 </weight>
		</IKMarkerTask>
		<IKMarkerTask name="R.Heel">
			<!--Whether or not this task will be used during inverse kinematics solve.-->
			<apply> true </apply>
			<!--Weight given to a marker or coordinate for solving inverse kinematics
			    problems.-->
			<weight>      1.00000000 </weight>
		</IKMarkerTask>
		<IKMarkerTask name="R.Ankle">
			<!--Whether or not this task will be used during inverse kinematics solve.-->
			<apply> true </apply>
			<!--Weight given to a marker or coordinate for solving inverse kinematics
			    problems.-->
			<weight>      1.00000000 </weight>
		</IKMarkerTask>
		<IKMarkerTask name="R.Toe">
			<!--Whether or not this task will be used during inverse kinematics solve.-->
			<apply> true </apply>
			<!--Weight given to a marker or coordinate for solving inverse kinematics
			    problems.-->
			<weight>      1.00000000 </weight>
		</IKMarkerTask>
		<IKMarkerTask name="L.Thigh">
			<!--Whether or not this task will be used during inverse kinematics solve.-->
			<apply> true </apply>
			<!--Weight given to a marker or coordinate for solving inverse kinematics
			    problems.-->
			<weight>       1.00000000 </weight>
		</IKMarkerTask>
		<IKMarkerTask name="L.Knee">
			<!--Whether or not this task will be used during inverse kinematics solve.-->
			<apply> true </apply>
			<!--Weight given to a marker or coordinate for solving inverse kinematics
			    problems.-->
			<weight>       1.00000000 </weight>
		</IKMarkerTask>
		<IKMarkerTask name="L.Shank">
			<!--Whether or not this task will be used during inverse kinematics solve.-->
			<apply> true </apply>
			<!--Weight given to a marker or coordinate for solving inverse kinematics
			    problems.-->
			<weight>       1.00000000 </weight>
		</IKMarkerTask>
		<IKMarkerTask name="L.Heel">
			<!--Whether or not this task will be used during inverse kinematics solve.-->
			<apply> true </apply>
			<!--Weight given to a marker or coordinate for solving inverse kinematics
			    problems.-->
			<weight>      1.00000000 </weight>
		</IKMarkerTask>
		<IKMarkerTask name="L.Ankle">
			<!--Whether or not this task will be used during inverse kinematics solve.-->
			<apply> true </apply>
			<!--Weight given to a marker or coordinate for solving inverse kinematics
			    problems.-->
			<weight>      1.00000000 </weight>
		</IKMarkerTask>
		<IKMarkerTask name="L.Toe">
			<!--Whether or not this task will be used during inverse kinematics solve.-->
			<apply> true </apply>
			<!--Weight given to a marker or coordinate for solving inverse kinematics
			    problems.-->
			<weight>      1.00000000 </weight>
		</IKMarkerTask>
	</objects>
</IKTaskSet>

