<?xml version="1.0" encoding="UTF-8" ?>
<OpenSimDocument Version="20302">
	   <InverseKinemtaticsTool name="subject01">
        <!--Name of the .osim file used to construct a model.-->
		<model_file> subj01_ACL_vv_ie_2014.osim </model_file>
		<!--Task set used to specify IK weights.-->
		<IKTaskSet file="subj01_IK_Tasks.xml"/>
		<!--Parameters for solving the IK problem for each trial. Each trial
		    should get a seperate SimmIKTril block.-->
		<marker_file> subj01_ACL_vv_ie.trc </marker_file>
		<!--Name of file containing the joint angles used to set the initial
					    configuration of the model for the purpose of placing the markers.
					    These coordinate values can also be included in the optimization
					    problem used to place the markers. Before the model markers are
					    placed, a single frame of an inverse kinematics (IK) problem is
					    solved. The IK problem can be solved simply by matching marker
					    positions, but if the model markers are not in the correct locations,
					    the IK solution will not be very good and neither will marker
					    placement. Alternatively, coordinate values (specified in this file)
					    can be specified and used to influence the IK solution. This is
					    valuable particularly if you have high confidence in the coordinate
					    values. For example, you know for the static trial the subject was
					    standing will all joint angles close to zero. If the coordinate set
					    (see the CoordinateSet property) contains non-zero weights for
					    coordinates, the IK solution will try to match not only the marker
					    positions, but also the coordinates in this file. Least-squared error
					    is used to solve the IK problem.-->
		<coordinate_file>subj01_ACL_vv_ie_ik_2012.mot </coordinate_file>
		<!--Analog file (.ana) containing emg and reaction force data. Not
					    currently used.
		<analog_file> Unassigned </analog_file -->
		<!--Time range over which the IK problem is solved.-->
		<time_range>       2.2       3.0 </time_range>
		<!--Name of the motion file (.mot) to which the results should be written.-->
		<output_motion_file> subj01_ACL_vv_ie_ik_2014.mot </output_motion_file>
		<!--A positive scalar that is used to weight the importance of satisfying constraints.A weighting of 'Infinity' or if it is unassigned results in the constraints being strictly enforced.-->
        <constraint_weight>40.0</constraint_weight>
        <!--The accuracy of the solution in absolute terms. I.e. the number of significantdigits to which the solution can be trusted.-->
        <accuracy>1e-7</accuracy>
    </InverseKinemtaticsTool>
</OpenSimDocument>

