<?xml version="1.0" encoding="UTF-8"?>
<ScaleSet name="gait2354_Scale">
	<objects>
		<Scale name="">
			<scales>   1.0 1.0 1.0 </scales>
			<segment> calcn_r </segment>
			<apply> true </apply>
		</Scale>
		<Scale name="">
			<scales>   1.0 1.0 1.0 </scales>
			<segment> calcn_l </segment>
			<apply> true </apply>
		</Scale>
		<Scale name="">
			<scales>   0.98 0.98 0.98 </scales>
			<segment> talus_r </segment>
			<apply> true </apply>
		</Scale>
		<Scale name="">
			<scales>   0.98 0.98 0.98 </scales>
			<segment> talus_l </segment>
			<apply> true </apply>
		</Scale>
		<Scale name="">
			<scales>   1.08 1.08 1.08 </scales>
			<segment> torso </segment>
			<apply> true </apply>
		</Scale>
	</objects>
</ScaleSet>
