<?xml version="1.0" encoding="UTF-8"?>
<!--Body segments are scaled by calculating the average distance between
specified marker pairs.  The ratio between the averaged distance to the
distance in the generic model is then used to scale each specified segment
in the specified axis directions (e.g., X Y Z).-->
<MeasurementSet name="subj01_Scale">
	<objects>
		<Measurement name="torso">
			<!--Flag to turn on and off scaling for this measurement.-->
			<apply> true </apply>
			<!--Set of marker pairs used to determine the scale factors.-->
			<MarkerPairSet name="">
				<objects>
					<MarkerPair name="">
						<!--Names of two markers, the distance is used to compute a body scale.-->
						<markers> L.Shoulder Offset </markers>
					</MarkerPair>
					<MarkerPair name="">
						<!--Names of two markers, the distance is used to compute a body scale.-->
						<markers> L.Shoulder R.Shoulder</markers>
					</MarkerPair>
				</objects>
			</MarkerPairSet>
			<!--Set of bodies to be scaled by this measurement.-->
			<BodyScaleSet name="">
				<objects>
					<BodyScale name="torso">
						<axes> X Y </axes>
					</BodyScale>
					<BodyScale name="torso">
						<axes> Z </axes>
					</BodyScale>
				</objects>
			</BodyScaleSet>
		</Measurement>
		
		<Measurement name="pelvis">
			<!--Flag to turn on and off scaling for this measurement.-->
			<apply> true </apply>
			<!--Set of marker pairs used to determine the scale factors.-->
			<MarkerPairSet>
				<objects>
					<MarkerPair>
						<markers>  V.Sacral R.ASIS </markers>
					</MarkerPair>
					<MarkerPair>
						<markers> R.Lat.Pelvis R.ASIS </markers>
					</MarkerPair>
					<MarkerPair>
						<markers> R.ASIS L.ASIS </markers>
					</MarkerPair>
				</objects>
			</MarkerPairSet>
			<!--Set of bodies to be scaled by this measurement.-->
			<BodyScaleSet>
				<objects>
					<BodyScale name="pelvis">
						<axes> X </axes>
					</BodyScale>
					<BodyScale name="pelvis">
						<axes> Y </axes>
					</BodyScale>
					<BodyScale name="pelvis">
						<axes> Z </axes>
					</BodyScale>
				</objects>
			</BodyScaleSet>
		</Measurement>
		
		<Measurement name="thigh">
			<!--Flag to turn on and off scaling for this measurement.-->
			<apply> true </apply>
			<!--Set of marker pairs used to determine the scale factors.-->
			<MarkerPairSet>
				<objects>
					<MarkerPair>
						<markers> R.Thigh R.Knee </markers>
					</MarkerPair>
					<MarkerPair>
						<markers> R.Lat.Pelvis R.Knee </markers>
					</MarkerPair>
					<MarkerPair>
						<markers> L.Thigh L.Knee </markers>
					</MarkerPair>
					<MarkerPair>
						<markers> L.Lat.Pelvis L.Knee </markers>
					</MarkerPair>
				</objects>
			</MarkerPairSet>
			<!--Set of bodies to be scaled by this measurement.-->
			<BodyScaleSet>
				<objects>
					<BodyScale name="femur_r">
						<axes> X </axes>
					</BodyScale>
					<BodyScale name="femur_r">
						<axes> Y Z </axes>
					</BodyScale>
					<BodyScale name="femur_l">
						<axes> X </axes>
					</BodyScale>
					<BodyScale name="femur_l">
						<axes> Y Z </axes>
					</BodyScale>
				</objects>
			</BodyScaleSet>
		</Measurement>
		
		<Measurement name="shank">
			<!--Flag to turn on and off scaling for this measurement.-->
			<apply> true </apply>
			<!--Set of marker pairs used to determine the scale factors.-->
			<MarkerPairSet>
				<objects>
					<MarkerPair>
						<markers> R.Ankle R.Shank </markers>
					</MarkerPair>
					<MarkerPair>
						<markers> R.Knee R.Ankle </markers>
					</MarkerPair>
					<MarkerPair>
						<markers>	L.Ankle L.Shank	</markers>
					</MarkerPair>
					<MarkerPair>
						<markers>	L.Knee L.Ankle </markers>
					</MarkerPair>
				</objects>
			</MarkerPairSet>
			<!--Set of bodies to be scaled by this measurement.-->
			<BodyScaleSet>
				<objects>
					<BodyScale name="tibia_r">
						<axes> X Z</axes>
					</BodyScale>
					<BodyScale name="tibia_r">
						<axes> Y </axes>
					</BodyScale>
					<BodyScale name="tibia_l">
						<axes> X Z 	</axes>
					</BodyScale>
					<BodyScale name="tibia_l">
						<axes> Y </axes>
					</BodyScale>
				</objects>
			</BodyScaleSet>
		</Measurement>
		
		<Measurement name="foot">
			<!--Flag to turn on and off scaling for this measurement.-->
			<apply> true </apply>
			<!--Set of marker pairs used to determine the scale factors.-->
			<MarkerPairSet>
				<objects>
					<MarkerPair>
						<markers> R.Heel R.Ankle </markers>
					</MarkerPair>
					<MarkerPair>
						<markers> R.Ankle R.Toe </markers>
					</MarkerPair>
					<MarkerPair>
						<markers>L.Heel L.Ankle </markers>
					</MarkerPair>
					<MarkerPair>
						<markers>L.Ankle L.Toe </markers>
					</MarkerPair>

				</objects>
			</MarkerPairSet>
			<!--Set of bodies to be scaled by this measurement.-->
			<BodyScaleSet>
				<objects>
					<BodyScale name="calcn_r">
						<axes> X Y Z </axes>
					</BodyScale>
					<BodyScale name="toes_r">
						<axes> X Y Z </axes>
					</BodyScale>
					<BodyScale name="calcn_l">
						<axes> X Y Z </axes>
					</BodyScale>
					<BodyScale name="toes_l">
						<axes> X Y Z </axes>
					</BodyScale>
				</objects>
			</BodyScaleSet>
		</Measurement>
	</objects>
</MeasurementSet>
