<?xml version="1.0" encoding="UTF-8"?>
<ScaleTool name="subj01_static">

	<!--Mass of the subject in kg.  Subject-specific model generated by
	    scaling step will have this total mass.-->
	<mass> 55 </mass>
	<!--Height of the subject in mm.  For informational purposes only (not
	    used by scaling).-->
	<height> 1650</height>
	<!--Age of the subject in years.  For informational purposes only (not
	    used by scaling).-->
	<age> 35 </age>
	<!--Notes for the subject.-->
	<notes> This is an example setup file for scale.exe. </notes>
	
	<!--Specifies the name of the unscaled model (.osim) and the marker set.-->
	<GenericModelMaker name="">
		<!--Model file (.osim) for the unscaled model.-->
		<model_file> subj01_sim_acl.osim </model_file>
		<!--Set of model markers used to scale the model. Scaling is done based on
		    distances between model markers compared to the same distances between
		    the corresponding experimental markers.-->
		<marker_set_file>subj01_Scale_MarkerSet.xml</marker_set_file>
	</GenericModelMaker>
	
	<!--Specifies parameters for scaling the model.-->
	<ModelScaler name="">
		<!--Specifies the scaling method and order. Valid options are
		    'measurements', 'manualScale', singly or both in any sequence.-->
		<scaling_order> measurements manualScale </scaling_order>
		<!--Scale factors to be used for manual scaling.-->
		<ScaleSet file="subj01_Scale_ScaleSet.xml"/>
		<!--Specifies the measurements by which body segments are to be scaled.-->
		<MeasurementSet file="subj01_Scale_MeasurementSet.xml"/>
		<!--TRC file (.trc) containing the marker positions used for
		    measurement-based scaling. This is usually a static trial, but doesn't
		    need to be.  The marker-pair distances are computed for each time step
		    in the TRC file and averaged across the time range.-->
		<marker_file> subj01_ACL_vv_ie.trc </marker_file>
		<!--Time range over which to average marker-pair distances in the marker
		    file (.trc) for measurement-based scaling.-->
		<time_range> 1 2 </time_range>
		<!--Flag (true or false) indicating whether or not to preserve relative
		    mass between segments.-->
		<preserve_mass_distribution> true </preserve_mass_distribution>
		<!--Name of SIMM joint file to write when done scaling. If not specified,
		    a file will not be written.
		<output_joint_file> subject01_scaled_acl.jnt </output_joint_file>-->
		<!--Name of SIMM muscle file to write when done scaling. If not specified,
		    a file will not be written.
		<output_muscle_file> subject01_scaled_acl.msl </output_muscle_file>-->
		<!--Name of OpenSim model file (.osim) to write when done scaling.-->
		<output_model_file> subject01_scaled.osim </output_model_file>
		<!--Name of file to write containing the scale factors that were applied
		    to the unscaled model (optional).-->
		<output_scale_file> subject01_scaleSet_applied.xml </output_scale_file>
	</ModelScaler>
	
	<!--Specifies parameters for placing markers on the model once a model is
	    scaled.-->
	<MarkerPlacer name="">
		<!--TRC file (.trc) containing the time history of experimental marker
		    positions (usually a static trial).-->
		<marker_file> subj01_ACL_vv_ie.trc </marker_file>
		<!--Task set used to specify weights used in the IK computation of the
		    static pose.-->
		<IKTaskSet file="subj01_Scale_Tasks.xml"/>
		<!--Name of file containing the joint angles used to set the initial
		    configuration of the model for the purpose of placing the markers.
		    These coordinate values can also be included in the optimization
		    problem used to place the markers. Before the model markers are
		    placed, a single frame of an inverse kinematics (IK) problem is
		    solved. The IK problem can be solved simply by matching marker
		    positions, but if the model markers are not in the correct locations,
		    the IK solution will not be very good and neither will marker
		    placement. Alternatively, coordinate values (specified in this file)
		    can be specified and used to influence the IK solution. This is
		    valuable particularly if you have high confidence in the coordinate
		    values. For example, you know for the static trial the subject was
		    standing will all joint angles close to zero. If the coordinate set
		    (see the CoordinateSet property) contains non-zero weights for
		    coordinates, the IK solution will try to match not only the marker
		    positions, but also the coordinates in this file. Least-squared error
		    is used to solve the IK problem.-->
		<coordinate_file> </coordinate_file>
		<time_range> 1 2 </time_range>
		<!--Time range over which the marker positions are averaged.-->
		<!--Name of the new SIMM Joint file (.jnt) after scaling and marker
		    placement (optional).
		<output_joint_file> subject01.jnt </output_joint_file>-->
		<!--Name of the SIMM muscle file (.msl) after scaling and marker placement
		    (optional).
		<output_muscle_file> subject01.msl </output_muscle_file>-->
		<!--Output OpenSim model file (.osim) after scaling and maker placement.-->
		<output_model_file> subject01_simbody.osim </output_model_file>
		<!--Name of the motion file (.mot) written after marker relocation
		    (optional).-->
		<output_motion_file> subjt01_static.mot </output_motion_file>
	</MarkerPlacer>
	
</ScaleTool>

