<?xml version="1.0" encoding="UTF-8"?>
<MarkerSet name="subj01-Static">
					<objects>
						<Marker name="Offset">
							<!--Body segment in the model on which the marker resides.-->
							<body> torso </body>
							<!--Location of a marker on the body segment.-->
							<location>      -0.10000000       0.30000000       -0.0300000 </location>
							<fixed> false </fixed>
						</Marker>
						<Marker name="R.Shoulder">
							<!--Body segment in the model on which the marker resides.-->
							<body> torso </body>
							<!--Location of a marker on the body segment.-->
							<location>      -0.03000000       0.40000000       0.14000000 </location>
							<fixed> false </fixed>
						</Marker>
						<Marker name="L.Shoulder">
							<!--Body segment in the model on which the marker resides.-->
							<body> torso </body>
							<!--Location of a marker on the body segment.-->
							<location>      -0.03000000       0.40000000      -0.14000000 </location>
							<fixed> false </fixed>
						</Marker>
						<Marker name="R.ASIS">
							<!--Body segment in the model on which the marker resides.-->
							<body> pelvis </body>
							<!--Location of a marker on the body segment.-->
							<location>       0.02000000       0.03000000       0.12800000 </location>
							<fixed> false </fixed>
						</Marker>
						<Marker name="L.ASIS">
							<!--Body segment in the model on which the marker resides.-->
							<body> pelvis </body>
							<!--Location of a marker on the body segment.-->
							<location>       0.02000000       0.03000000      -0.12800000 </location>
							<fixed> false </fixed>
						</Marker>
						<Marker name="V.Sacral">
							<!--Body segment in the model on which the marker resides.-->
							<body> pelvis </body>
							<!--Location of a marker on the body segment.-->
							<location>      -0.16000000       0.04000000       0.00000000 </location>
							<fixed> false </fixed>
						</Marker>
						<Marker name="R.Thigh">
							<!--Body segment in the model on which the marker resides.-->
							<body> femur_r </body>
							<!--Location of a marker on the body segment.-->
							<location>       0.01800000      -0.20000000       0.06400000 </location>
							<fixed> false </fixed>
						</Marker>
						<Marker name="R.Knee">
							<!--Body segment in the model on which the marker resides.-->
							<body> femur_r </body>
							<!--Location of a marker on the body segment.-->
							<location>       0.00000000      -0.40400000       0.05000000 </location>
							<fixed> false </fixed>
						</Marker>
						<Marker name="R.Shank">
							<!--Body segment in the model on which the marker resides.-->
							<body> tibia_r </body>
							<!--Location of a marker on the body segment.-->
							<location>       0.02000000      -0.23000000       0.05000000 </location>
							<fixed> false </fixed>
						</Marker>
						<Marker name="R.Ankle">
							<!--Body segment in the model on which the marker resides.-->
							<body> tibia_r </body>
							<!--Location of a marker on the body segment.-->
							<location>      -0.00500000      -0.41000000       0.05300000 </location>
							<fixed> false </fixed>
						</Marker>
						<Marker name="R.Heel">
							<!--Body segment in the model on which the marker resides.-->
							<body> calcn_r </body>
							<!--Location of a marker on the body segment.-->
							<location>      -0.02000000       0.02000000       0.00000000 </location>
							<fixed> false </fixed>
						</Marker>
						<Marker name="R.Toe">
							<!--Body segment in the model on which the marker resides.-->
							<body> calcn_r </body>
							<!--Location of a marker on the body segment.-->
							<location>       0.26000000       0.00500000       0.00000000 </location>
							<fixed> false </fixed>
						</Marker>
						<Marker name="L.Thigh">
							<!--Body segment in the model on which the marker resides.-->
							<body> femur_l </body>
							<!--Location of a marker on the body segment.-->
							<location>       0.01800000      -0.20000000      -0.06400000 </location>
							<fixed> false </fixed>
						</Marker>
						<Marker name="L.Knee">
							<!--Body segment in the model on which the marker resides.-->
							<body> femur_l </body>
							<!--Location of a marker on the body segment.-->
							<location>       0.00000000      -0.40400000      -0.05000000 </location>
							<fixed> false </fixed>
						</Marker>
						<Marker name="L.Shank">
							<!--Body segment in the model on which the marker resides.-->
							<body> tibia_l </body>
							<!--Location of a marker on the body segment.-->
							<location>      -0.02000000      -0.23000000      -0.05000000 </location>
							<fixed> false </fixed>
						</Marker>
						<Marker name="L.Ankle">
							<!--Body segment in the model on which the marker resides.-->
							<body> tibia_l </body>
							<!--Location of a marker on the body segment.-->
							<location>      -0.00500000      -0.41000000      -0.05300000 </location>
							<fixed> false </fixed>
						</Marker>
						<Marker name="L.Heel">
							<!--Body segment in the model on which the marker resides.-->
							<body> calcn_l </body>
							<!--Location of a marker on the body segment.-->
							<location>      -0.02000000       0.02000000       0.00000000 </location>
							<fixed> false </fixed>
						</Marker>
						<Marker name="L.Toe">
							<!--Body segment in the model on which the marker resides.-->
							<body> calcn_l </body>
							<!--Location of a marker on the body segment.-->
							<location>       0.26000000       0.00500000       0.00000000 </location>
							<fixed> false </fixed>
						</Marker>
						<Marker name="R.Lat.Pelvis">
							<!--Body segment in the model on which the marker resides.-->
							<body> pelvis </body>
							<!--Location of a marker on the body segment.-->
							<location>       -0.16000000       0.03000000       0.06400000 </location>
							<fixed> false </fixed>
						</Marker>
						<Marker name="L.Lat.Pelvis">
							<!--Body segment in the model on which the marker resides.-->
							<body> pelvis </body>
							<!--Location of a marker on the body segment.-->
							<location>       -0.16000000       0.03000000      -0.06400000 </location>
							<fixed> false </fixed>
						</Marker>
					</objects>
</MarkerSet>
