<?xml version="1.0" encoding="UTF-8"?>
<IKTaskSet name="subj01_Scale">
	<objects>
		<IKMarkerTask name="Offset"> <weight>1</weight> </IKMarkerTask>
		<IKMarkerTask name="R.Shoulder"> <weight>1</weight> </IKMarkerTask>
		<IKMarkerTask name="L.Shoulder"> <weight>1</weight> </IKMarkerTask>
		<!-- Pelvis -->
		<IKMarkerTask name="R.ASIS"> <weight>10</weight> </IKMarkerTask>
		<IKMarkerTask name="L.ASIS"> <weight>10</weight> </IKMarkerTask>
		<IKMarkerTask name="L.Lat.Pelvis"> <weight>10</weight> </IKMarkerTask>
		<IKMarkerTask name="V.Sacral"> <weight>10</weight> </IKMarkerTask>
		<IKMarkerTask name="R.Lat.Pelvis"> <weight>10</weight> </IKMarkerTask>

		<!-- Right femur -->
		<IKMarkerTask name="R.Thigh"> <weight>1</weight> </IKMarkerTask>
		<IKMarkerTask name="R.Knee"> <weight>10</weight> </IKMarkerTask>

		<!-- Right tibia -->
		<IKMarkerTask name="R.Shank"> <weight>1</weight> </IKMarkerTask>
		<IKMarkerTask name="R.Ankle"> <weight>10</weight> </IKMarkerTask>

		<!-- Right calcaneous -->
		<IKMarkerTask name="R.Heel"> <weight>10</weight> </IKMarkerTask>
		<IKMarkerTask name="R.Toe"> <weight>10</weight> </IKMarkerTask>

		<!-- Left femur -->
		<IKMarkerTask name="L.Thigh"> <weight>1</weight> </IKMarkerTask>
		<IKMarkerTask name="L.Knee"> <weight>10</weight> </IKMarkerTask>

		<!-- Left tibia -->
		<IKMarkerTask name="L.Shank"> <weight>1</weight> </IKMarkerTask>
		<IKMarkerTask name="L.Ankle"> <weight>10</weight> </IKMarkerTask>

		<!-- Left calcaneous -->
		<IKMarkerTask name="L.Heel"> <weight>10</weight> </IKMarkerTask>
		<IKMarkerTask name="L.Toe"> <weight>10</weight> </IKMarkerTask>

		<!-- Coordinates -->
		<IKCoordinateTask name="subtalar_angle_r">
			<weight>    10.00000000 </weight>
			<value_type> default_value </value_type>
		</IKCoordinateTask>
		<IKCoordinateTask name="mtp_angle_r">
			<weight>    10.00000000 </weight>
			<value_type> default_value </value_type>
		</IKCoordinateTask>
		<IKCoordinateTask name="subtalar_angle_l">
			<weight>    10.00000000 </weight>
			<value_type> default_value </value_type>
		</IKCoordinateTask>
		<IKCoordinateTask name="mtp_angle_l">
			<weight>    10.00000000 </weight>
			<value_type> default_value </value_type>
		</IKCoordinateTask>
		<!-- Helps keep static pose solution from having back bent too much -->
		<IKCoordinateTask name="lumbar_extension">
			<weight>10.0</weight> 
			<value_type> manual_value </value_type>
			<value>0</value>
		</IKCoordinateTask>
	</objects>
</IKTaskSet>


